{"web":{"client_id":"423280317679-tfetiei016pkbvccjcvse2aku7v6l1qm.apps.googleusercontent.com","project_id":"restaurant-menu-app-227006","auth_uri":"https://accounts.google.com/o/oauth2/auth","token_uri":"https://www.googleapis.com/oauth2/v3/token","auth_provider_x509_cert_url":"https://www.googleapis.com/oauth2/v1/certs","client_secret":"wXTtT1dhLlmDBe1rrOOJ4M4Q","redirect_uris":["http://localhost:8000","http://localhost:8000/login","http://localhost:8000/gconnect"],"javascript_origins":["http://localhost:8000"]}}